Model,Strategy,Precision,Recall,F1,ROC-AUC
Logistic Regression,Baseline,0.7222,0.4252,0.5348,0.8426
Logistic Regression,class_weight,0.4715,0.746,0.5776,0.8428
Logistic Regression,SMOTE,0.4741,0.7411,0.5781,0.8414
Decision Tree,Baseline,0.7456,0.4209,0.5354,0.8295
Decision Tree,class_weight,0.4374,0.7785,0.5598,0.8306
Decision Tree,SMOTE,0.5378,0.6055,0.5675,0.8245
Random Forest,Baseline,0.741,0.4632,0.57,0.8491
Random Forest,class_weight,0.7427,0.4485,0.559,0.8485
Random Forest,SMOTE,0.6333,0.5417,0.5838,0.8461
Gradient Boosting,Baseline,0.7692,0.462,0.5771,0.8646
Gradient Boosting,SMOTE,0.6205,0.6037,0.6116,0.8593
