Model,Threshold,Precision,Recall,F1,Flagged_%
Logistic Regression,0.5,0.7226,0.4252,0.5353,11.9875
Logistic Regression,0.45,0.6743,0.4687,0.553,14.1625
Logistic Regression,0.4,0.6347,0.519,0.571,16.6625
Logistic Regression,0.35,0.6015,0.5834,0.5923,19.7625
Logistic Regression,0.3,0.5674,0.638,0.6006,22.9125
Logistic Regression,0.25,0.5238,0.6877,0.5947,26.75
Logistic Regression,0.2,0.4671,0.7485,0.5752,32.65
Decision Tree,0.5,0.7415,0.4258,0.5409,11.7
Decision Tree,0.45,0.6818,0.4706,0.5568,14.0625
Decision Tree,0.4,0.6695,0.4822,0.5606,14.675
Decision Tree,0.35,0.6256,0.5423,0.581,17.6625
Decision Tree,0.3,0.5493,0.6123,0.5791,22.7125
Decision Tree,0.25,0.4843,0.6798,0.5656,28.6
Decision Tree,0.2,0.4356,0.7693,0.5562,35.9875
Random Forest,0.5,0.7396,0.4669,0.5724,12.8625
Random Forest,0.45,0.6909,0.5184,0.5924,15.2875
Random Forest,0.4,0.6424,0.5577,0.597,17.6875
Random Forest,0.35,0.5946,0.6055,0.6,20.75
Random Forest,0.3,0.5375,0.6589,0.5921,24.975
Random Forest,0.25,0.4899,0.7123,0.5805,29.625
Random Forest,0.2,0.4458,0.7724,0.5653,35.3
Gradient Boosting,0.5,0.7699,0.462,0.5775,12.225
Gradient Boosting,0.45,0.7424,0.5074,0.6028,13.925
Gradient Boosting,0.4,0.6938,0.5436,0.6096,15.9625
Gradient Boosting,0.35,0.6559,0.5834,0.6175,18.125
Gradient Boosting,0.3,0.6109,0.6319,0.6212,21.075
Gradient Boosting,0.25,0.5629,0.6975,0.623,25.25
Gradient Boosting,0.2,0.5021,0.7472,0.6006,30.325
